--
-- PostgreSQL database dump
--

-- Dumped from database version 17.4
-- Dumped by pg_dump version 17.4

-- Started on 2025-04-21 19:41:21

SET statement_timeout = 0;
SET lock_timeout = 0;
SET idle_in_transaction_session_timeout = 0;
SET transaction_timeout = 0;
SET client_encoding = 'UTF8';
SET standard_conforming_strings = on;
SELECT pg_catalog.set_config('search_path', '', false);
SET check_function_bodies = false;
SET xmloption = content;
SET client_min_messages = warning;
SET row_security = off;

SET default_tablespace = '';

SET default_table_access_method = heap;

--
-- TOC entry 218 (class 1259 OID 19150)
-- Name: categories; Type: TABLE; Schema: public; Owner: postgres
--

CREATE TABLE public.categories (
    id integer NOT NULL,
    name character varying(255)
);


ALTER TABLE public.categories OWNER TO postgres;

--
-- TOC entry 217 (class 1259 OID 19149)
-- Name: categories_id_seq; Type: SEQUENCE; Schema: public; Owner: postgres
--

ALTER TABLE public.categories ALTER COLUMN id ADD GENERATED BY DEFAULT AS IDENTITY (
    SEQUENCE NAME public.categories_id_seq
    START WITH 1
    INCREMENT BY 1
    NO MINVALUE
    NO MAXVALUE
    CACHE 1
);


--
-- TOC entry 220 (class 1259 OID 19156)
-- Name: history; Type: TABLE; Schema: public; Owner: postgres
--

CREATE TABLE public.history (
    id integer NOT NULL,
    history_action character varying(255),
    history_date date,
    task_id integer
);


ALTER TABLE public.history OWNER TO postgres;

--
-- TOC entry 219 (class 1259 OID 19155)
-- Name: history_id_seq; Type: SEQUENCE; Schema: public; Owner: postgres
--

ALTER TABLE public.history ALTER COLUMN id ADD GENERATED BY DEFAULT AS IDENTITY (
    SEQUENCE NAME public.history_id_seq
    START WITH 1
    INCREMENT BY 1
    NO MINVALUE
    NO MAXVALUE
    CACHE 1
);


--
-- TOC entry 222 (class 1259 OID 19162)
-- Name: priorities; Type: TABLE; Schema: public; Owner: postgres
--

CREATE TABLE public.priorities (
    id integer NOT NULL,
    name character varying(255)
);


ALTER TABLE public.priorities OWNER TO postgres;

--
-- TOC entry 221 (class 1259 OID 19161)
-- Name: priorities_id_seq; Type: SEQUENCE; Schema: public; Owner: postgres
--

ALTER TABLE public.priorities ALTER COLUMN id ADD GENERATED BY DEFAULT AS IDENTITY (
    SEQUENCE NAME public.priorities_id_seq
    START WITH 1
    INCREMENT BY 1
    NO MINVALUE
    NO MAXVALUE
    CACHE 1
);


--
-- TOC entry 224 (class 1259 OID 19168)
-- Name: reminders; Type: TABLE; Schema: public; Owner: postgres
--

CREATE TABLE public.reminders (
    id integer NOT NULL,
    name character varying(255),
    task_id integer
);


ALTER TABLE public.reminders OWNER TO postgres;

--
-- TOC entry 223 (class 1259 OID 19167)
-- Name: reminders_id_seq; Type: SEQUENCE; Schema: public; Owner: postgres
--

ALTER TABLE public.reminders ALTER COLUMN id ADD GENERATED BY DEFAULT AS IDENTITY (
    SEQUENCE NAME public.reminders_id_seq
    START WITH 1
    INCREMENT BY 1
    NO MINVALUE
    NO MAXVALUE
    CACHE 1
);


--
-- TOC entry 226 (class 1259 OID 19174)
-- Name: subtasks; Type: TABLE; Schema: public; Owner: postgres
--

CREATE TABLE public.subtasks (
    id integer NOT NULL,
    name character varying(255),
    task_id integer
);


ALTER TABLE public.subtasks OWNER TO postgres;

--
-- TOC entry 225 (class 1259 OID 19173)
-- Name: subtasks_id_seq; Type: SEQUENCE; Schema: public; Owner: postgres
--

ALTER TABLE public.subtasks ALTER COLUMN id ADD GENERATED BY DEFAULT AS IDENTITY (
    SEQUENCE NAME public.subtasks_id_seq
    START WITH 1
    INCREMENT BY 1
    NO MINVALUE
    NO MAXVALUE
    CACHE 1
);


--
-- TOC entry 228 (class 1259 OID 19180)
-- Name: tags; Type: TABLE; Schema: public; Owner: postgres
--

CREATE TABLE public.tags (
    id integer NOT NULL,
    name character varying(255)
);


ALTER TABLE public.tags OWNER TO postgres;

--
-- TOC entry 227 (class 1259 OID 19179)
-- Name: tags_id_seq; Type: SEQUENCE; Schema: public; Owner: postgres
--

ALTER TABLE public.tags ALTER COLUMN id ADD GENERATED BY DEFAULT AS IDENTITY (
    SEQUENCE NAME public.tags_id_seq
    START WITH 1
    INCREMENT BY 1
    NO MINVALUE
    NO MAXVALUE
    CACHE 1
);


--
-- TOC entry 236 (class 1259 OID 19206)
-- Name: task_status; Type: TABLE; Schema: public; Owner: postgres
--

CREATE TABLE public.task_status (
    id integer NOT NULL,
    name character varying(255)
);


ALTER TABLE public.task_status OWNER TO postgres;

--
-- TOC entry 235 (class 1259 OID 19205)
-- Name: task_status_id_seq; Type: SEQUENCE; Schema: public; Owner: postgres
--

ALTER TABLE public.task_status ALTER COLUMN id ADD GENERATED BY DEFAULT AS IDENTITY (
    SEQUENCE NAME public.task_status_id_seq
    START WITH 1
    INCREMENT BY 1
    NO MINVALUE
    NO MAXVALUE
    CACHE 1
);


--
-- TOC entry 230 (class 1259 OID 19186)
-- Name: tasks; Type: TABLE; Schema: public; Owner: postgres
--

CREATE TABLE public.tasks (
    id integer NOT NULL,
    active boolean,
    creation_date date,
    description character varying(255),
    expiration_date date,
    name character varying(255),
    id_priority integer,
    id_status integer
);


ALTER TABLE public.tasks OWNER TO postgres;

--
-- TOC entry 232 (class 1259 OID 19194)
-- Name: tasks_categories; Type: TABLE; Schema: public; Owner: postgres
--

CREATE TABLE public.tasks_categories (
    id integer NOT NULL,
    category_id integer,
    task_id integer
);


ALTER TABLE public.tasks_categories OWNER TO postgres;

--
-- TOC entry 231 (class 1259 OID 19193)
-- Name: tasks_categories_id_seq; Type: SEQUENCE; Schema: public; Owner: postgres
--

ALTER TABLE public.tasks_categories ALTER COLUMN id ADD GENERATED BY DEFAULT AS IDENTITY (
    SEQUENCE NAME public.tasks_categories_id_seq
    START WITH 1
    INCREMENT BY 1
    NO MINVALUE
    NO MAXVALUE
    CACHE 1
);


--
-- TOC entry 229 (class 1259 OID 19185)
-- Name: tasks_id_seq; Type: SEQUENCE; Schema: public; Owner: postgres
--

ALTER TABLE public.tasks ALTER COLUMN id ADD GENERATED BY DEFAULT AS IDENTITY (
    SEQUENCE NAME public.tasks_id_seq
    START WITH 1
    INCREMENT BY 1
    NO MINVALUE
    NO MAXVALUE
    CACHE 1
);


--
-- TOC entry 234 (class 1259 OID 19200)
-- Name: tasks_tags; Type: TABLE; Schema: public; Owner: postgres
--

CREATE TABLE public.tasks_tags (
    id integer NOT NULL,
    tag_id integer,
    task_id integer
);


ALTER TABLE public.tasks_tags OWNER TO postgres;

--
-- TOC entry 233 (class 1259 OID 19199)
-- Name: tasks_tags_id_seq; Type: SEQUENCE; Schema: public; Owner: postgres
--

ALTER TABLE public.tasks_tags ALTER COLUMN id ADD GENERATED BY DEFAULT AS IDENTITY (
    SEQUENCE NAME public.tasks_tags_id_seq
    START WITH 1
    INCREMENT BY 1
    NO MINVALUE
    NO MAXVALUE
    CACHE 1
);


--
-- TOC entry 4962 (class 0 OID 19150)
-- Dependencies: 218
-- Data for Name: categories; Type: TABLE DATA; Schema: public; Owner: postgres
--

COPY public.categories (id, name) FROM stdin;
1	Estudiar
\.


--
-- TOC entry 4964 (class 0 OID 19156)
-- Dependencies: 220
-- Data for Name: history; Type: TABLE DATA; Schema: public; Owner: postgres
--

COPY public.history (id, history_action, history_date, task_id) FROM stdin;
1	La tarea fue marcada como inactiva.	2025-04-21	2
\.


--
-- TOC entry 4966 (class 0 OID 19162)
-- Dependencies: 222
-- Data for Name: priorities; Type: TABLE DATA; Schema: public; Owner: postgres
--

COPY public.priorities (id, name) FROM stdin;
1	Urgente
2	Basico
4	Normal
\.


--
-- TOC entry 4968 (class 0 OID 19168)
-- Dependencies: 224
-- Data for Name: reminders; Type: TABLE DATA; Schema: public; Owner: postgres
--

COPY public.reminders (id, name, task_id) FROM stdin;
1	Estudiar videos	1
2	Poner en practica cursos	2
\.


--
-- TOC entry 4970 (class 0 OID 19174)
-- Dependencies: 226
-- Data for Name: subtasks; Type: TABLE DATA; Schema: public; Owner: postgres
--

COPY public.subtasks (id, name, task_id) FROM stdin;
1	CRUD con SpringBoot	1
2	Realizar Cursos	2
\.


--
-- TOC entry 4972 (class 0 OID 19180)
-- Dependencies: 228
-- Data for Name: tags; Type: TABLE DATA; Schema: public; Owner: postgres
--

COPY public.tags (id, name) FROM stdin;
1	Sena
\.


--
-- TOC entry 4980 (class 0 OID 19206)
-- Dependencies: 236
-- Data for Name: task_status; Type: TABLE DATA; Schema: public; Owner: postgres
--

COPY public.task_status (id, name) FROM stdin;
1	Completa
2	Pendiente
\.


--
-- TOC entry 4974 (class 0 OID 19186)
-- Dependencies: 230
-- Data for Name: tasks; Type: TABLE DATA; Schema: public; Owner: postgres
--

COPY public.tasks (id, active, creation_date, description, expiration_date, name, id_priority, id_status) FROM stdin;
1	t	2025-04-21	Hacer crud Java - Angular	2025-04-21	CRUD	1	2
2	f	2025-04-21	Cursos de Java	2025-04-22	Curso	1	1
\.


--
-- TOC entry 4976 (class 0 OID 19194)
-- Dependencies: 232
-- Data for Name: tasks_categories; Type: TABLE DATA; Schema: public; Owner: postgres
--

COPY public.tasks_categories (id, category_id, task_id) FROM stdin;
1	1	1
2	1	2
\.


--
-- TOC entry 4978 (class 0 OID 19200)
-- Dependencies: 234
-- Data for Name: tasks_tags; Type: TABLE DATA; Schema: public; Owner: postgres
--

COPY public.tasks_tags (id, tag_id, task_id) FROM stdin;
1	1	1
2	1	2
\.


--
-- TOC entry 4986 (class 0 OID 0)
-- Dependencies: 217
-- Name: categories_id_seq; Type: SEQUENCE SET; Schema: public; Owner: postgres
--

SELECT pg_catalog.setval('public.categories_id_seq', 1, true);


--
-- TOC entry 4987 (class 0 OID 0)
-- Dependencies: 219
-- Name: history_id_seq; Type: SEQUENCE SET; Schema: public; Owner: postgres
--

SELECT pg_catalog.setval('public.history_id_seq', 1, true);


--
-- TOC entry 4988 (class 0 OID 0)
-- Dependencies: 221
-- Name: priorities_id_seq; Type: SEQUENCE SET; Schema: public; Owner: postgres
--

SELECT pg_catalog.setval('public.priorities_id_seq', 4, true);


--
-- TOC entry 4989 (class 0 OID 0)
-- Dependencies: 223
-- Name: reminders_id_seq; Type: SEQUENCE SET; Schema: public; Owner: postgres
--

SELECT pg_catalog.setval('public.reminders_id_seq', 2, true);


--
-- TOC entry 4990 (class 0 OID 0)
-- Dependencies: 225
-- Name: subtasks_id_seq; Type: SEQUENCE SET; Schema: public; Owner: postgres
--

SELECT pg_catalog.setval('public.subtasks_id_seq', 2, true);


--
-- TOC entry 4991 (class 0 OID 0)
-- Dependencies: 227
-- Name: tags_id_seq; Type: SEQUENCE SET; Schema: public; Owner: postgres
--

SELECT pg_catalog.setval('public.tags_id_seq', 1, true);


--
-- TOC entry 4992 (class 0 OID 0)
-- Dependencies: 235
-- Name: task_status_id_seq; Type: SEQUENCE SET; Schema: public; Owner: postgres
--

SELECT pg_catalog.setval('public.task_status_id_seq', 2, true);


--
-- TOC entry 4993 (class 0 OID 0)
-- Dependencies: 231
-- Name: tasks_categories_id_seq; Type: SEQUENCE SET; Schema: public; Owner: postgres
--

SELECT pg_catalog.setval('public.tasks_categories_id_seq', 2, true);


--
-- TOC entry 4994 (class 0 OID 0)
-- Dependencies: 229
-- Name: tasks_id_seq; Type: SEQUENCE SET; Schema: public; Owner: postgres
--

SELECT pg_catalog.setval('public.tasks_id_seq', 2, true);


--
-- TOC entry 4995 (class 0 OID 0)
-- Dependencies: 233
-- Name: tasks_tags_id_seq; Type: SEQUENCE SET; Schema: public; Owner: postgres
--

SELECT pg_catalog.setval('public.tasks_tags_id_seq', 2, true);


--
-- TOC entry 4788 (class 2606 OID 19154)
-- Name: categories categories_pkey; Type: CONSTRAINT; Schema: public; Owner: postgres
--

ALTER TABLE ONLY public.categories
    ADD CONSTRAINT categories_pkey PRIMARY KEY (id);


--
-- TOC entry 4790 (class 2606 OID 19160)
-- Name: history history_pkey; Type: CONSTRAINT; Schema: public; Owner: postgres
--

ALTER TABLE ONLY public.history
    ADD CONSTRAINT history_pkey PRIMARY KEY (id);


--
-- TOC entry 4792 (class 2606 OID 19166)
-- Name: priorities priorities_pkey; Type: CONSTRAINT; Schema: public; Owner: postgres
--

ALTER TABLE ONLY public.priorities
    ADD CONSTRAINT priorities_pkey PRIMARY KEY (id);


--
-- TOC entry 4794 (class 2606 OID 19172)
-- Name: reminders reminders_pkey; Type: CONSTRAINT; Schema: public; Owner: postgres
--

ALTER TABLE ONLY public.reminders
    ADD CONSTRAINT reminders_pkey PRIMARY KEY (id);


--
-- TOC entry 4796 (class 2606 OID 19178)
-- Name: subtasks subtasks_pkey; Type: CONSTRAINT; Schema: public; Owner: postgres
--

ALTER TABLE ONLY public.subtasks
    ADD CONSTRAINT subtasks_pkey PRIMARY KEY (id);


--
-- TOC entry 4798 (class 2606 OID 19184)
-- Name: tags tags_pkey; Type: CONSTRAINT; Schema: public; Owner: postgres
--

ALTER TABLE ONLY public.tags
    ADD CONSTRAINT tags_pkey PRIMARY KEY (id);


--
-- TOC entry 4806 (class 2606 OID 19210)
-- Name: task_status task_status_pkey; Type: CONSTRAINT; Schema: public; Owner: postgres
--

ALTER TABLE ONLY public.task_status
    ADD CONSTRAINT task_status_pkey PRIMARY KEY (id);


--
-- TOC entry 4802 (class 2606 OID 19198)
-- Name: tasks_categories tasks_categories_pkey; Type: CONSTRAINT; Schema: public; Owner: postgres
--

ALTER TABLE ONLY public.tasks_categories
    ADD CONSTRAINT tasks_categories_pkey PRIMARY KEY (id);


--
-- TOC entry 4800 (class 2606 OID 19192)
-- Name: tasks tasks_pkey; Type: CONSTRAINT; Schema: public; Owner: postgres
--

ALTER TABLE ONLY public.tasks
    ADD CONSTRAINT tasks_pkey PRIMARY KEY (id);


--
-- TOC entry 4804 (class 2606 OID 19204)
-- Name: tasks_tags tasks_tags_pkey; Type: CONSTRAINT; Schema: public; Owner: postgres
--

ALTER TABLE ONLY public.tasks_tags
    ADD CONSTRAINT tasks_tags_pkey PRIMARY KEY (id);


--
-- TOC entry 4810 (class 2606 OID 19226)
-- Name: tasks fk2hi74rf7ys1y3fvay5u78p8m1; Type: FK CONSTRAINT; Schema: public; Owner: postgres
--

ALTER TABLE ONLY public.tasks
    ADD CONSTRAINT fk2hi74rf7ys1y3fvay5u78p8m1 FOREIGN KEY (id_priority) REFERENCES public.priorities(id);


--
-- TOC entry 4807 (class 2606 OID 19211)
-- Name: history fk3bdfee6uhlnue80wnut3bvkpf; Type: FK CONSTRAINT; Schema: public; Owner: postgres
--

ALTER TABLE ONLY public.history
    ADD CONSTRAINT fk3bdfee6uhlnue80wnut3bvkpf FOREIGN KEY (task_id) REFERENCES public.tasks(id);


--
-- TOC entry 4814 (class 2606 OID 19246)
-- Name: tasks_tags fk8sfpkkqd4x6n112sxtl4k7yb9; Type: FK CONSTRAINT; Schema: public; Owner: postgres
--

ALTER TABLE ONLY public.tasks_tags
    ADD CONSTRAINT fk8sfpkkqd4x6n112sxtl4k7yb9 FOREIGN KEY (tag_id) REFERENCES public.tags(id);


--
-- TOC entry 4815 (class 2606 OID 19251)
-- Name: tasks_tags fk92yt3qd8g5o4jm1ck3ca69vbp; Type: FK CONSTRAINT; Schema: public; Owner: postgres
--

ALTER TABLE ONLY public.tasks_tags
    ADD CONSTRAINT fk92yt3qd8g5o4jm1ck3ca69vbp FOREIGN KEY (task_id) REFERENCES public.tasks(id);


--
-- TOC entry 4811 (class 2606 OID 19231)
-- Name: tasks fkaqk80x6p9tj7a7jp30b8e0x04; Type: FK CONSTRAINT; Schema: public; Owner: postgres
--

ALTER TABLE ONLY public.tasks
    ADD CONSTRAINT fkaqk80x6p9tj7a7jp30b8e0x04 FOREIGN KEY (id_status) REFERENCES public.task_status(id);


--
-- TOC entry 4812 (class 2606 OID 19236)
-- Name: tasks_categories fkcht7tbos9sc0spsvv071a5yro; Type: FK CONSTRAINT; Schema: public; Owner: postgres
--

ALTER TABLE ONLY public.tasks_categories
    ADD CONSTRAINT fkcht7tbos9sc0spsvv071a5yro FOREIGN KEY (category_id) REFERENCES public.categories(id);


--
-- TOC entry 4808 (class 2606 OID 19216)
-- Name: reminders fkksfc8wjqohmbx3m6m45fn6kg3; Type: FK CONSTRAINT; Schema: public; Owner: postgres
--

ALTER TABLE ONLY public.reminders
    ADD CONSTRAINT fkksfc8wjqohmbx3m6m45fn6kg3 FOREIGN KEY (task_id) REFERENCES public.tasks(id);


--
-- TOC entry 4813 (class 2606 OID 19241)
-- Name: tasks_categories fkmxfljw08bgl6kdkwgj71291km; Type: FK CONSTRAINT; Schema: public; Owner: postgres
--

ALTER TABLE ONLY public.tasks_categories
    ADD CONSTRAINT fkmxfljw08bgl6kdkwgj71291km FOREIGN KEY (task_id) REFERENCES public.tasks(id);


--
-- TOC entry 4809 (class 2606 OID 19221)
-- Name: subtasks fksvs126nsj9ohhvwjog5ddp76x; Type: FK CONSTRAINT; Schema: public; Owner: postgres
--

ALTER TABLE ONLY public.subtasks
    ADD CONSTRAINT fksvs126nsj9ohhvwjog5ddp76x FOREIGN KEY (task_id) REFERENCES public.tasks(id);


-- Completed on 2025-04-21 19:41:21

--
-- PostgreSQL database dump complete
--

